2008-01-01,esercizi alberghieri,Italia,13790,37455
2008-01-01,esercizi alberghieri,Paesi esteri,1218,4128
2008-01-01,esercizi extra-alberghieri,Italia,839,4391
2008-01-01,esercizi extra-alberghieri,Paesi esteri,77,1302
2008-02-01,esercizi alberghieri,Italia,14343,37685
2008-02-01,esercizi alberghieri,Paesi esteri,1417,5090
2008-02-01,esercizi extra-alberghieri,Italia,877,4437
2008-02-01,esercizi extra-alberghieri,Paesi esteri,38,1079
2008-03-01,esercizi alberghieri,Italia,15502,38820
2008-03-01,esercizi alberghieri,Paesi esteri,1691,4890
2008-03-01,esercizi extra-alberghieri,Italia,1581,6039
2008-03-01,esercizi extra-alberghieri,Paesi esteri,108,1398
2008-04-01,esercizi alberghieri,Italia,16006,39537
2008-04-01,esercizi alberghieri,Paesi esteri,2313,7564
2008-04-01,esercizi extra-alberghieri,Italia,1586,6518
2008-04-01,esercizi extra-alberghieri,Paesi esteri,122,1631
2008-05-01,esercizi alberghieri,Italia,19113,44270
2008-05-01,esercizi alberghieri,Paesi esteri,3341,10559
2008-05-01,esercizi extra-alberghieri,Italia,2285,10285
2008-05-01,esercizi extra-alberghieri,Paesi esteri,415,3094
2008-06-01,esercizi alberghieri,Italia,23521,75219
2008-06-01,esercizi alberghieri,Paesi esteri,3190,10281
2008-06-01,esercizi extra-alberghieri,Italia,5010,35132
2008-06-01,esercizi extra-alberghieri,Paesi esteri,436,3728
2008-07-01,esercizi alberghieri,Italia,27809,121719
2008-07-01,esercizi alberghieri,Paesi esteri,4421,17974
2008-07-01,esercizi extra-alberghieri,Italia,9153,115954
2008-07-01,esercizi extra-alberghieri,Paesi esteri,1096,9830
2008-08-01,esercizi alberghieri,Italia,34523,152237
2008-08-01,esercizi alberghieri,Paesi esteri,3243,14529
2008-08-01,esercizi extra-alberghieri,Italia,14119,191555
2008-08-01,esercizi extra-alberghieri,Paesi esteri,939,7969
2008-09-01,esercizi alberghieri,Italia,19204,54624
2008-09-01,esercizi alberghieri,Paesi esteri,3537,10982
2008-09-01,esercizi extra-alberghieri,Italia,1393,14460
2008-09-01,esercizi extra-alberghieri,Paesi esteri,408,2471
2008-10-01,esercizi alberghieri,Italia,15827,38643
2008-10-01,esercizi alberghieri,Paesi esteri,2465,7408
2008-10-01,esercizi extra-alberghieri,Italia,909,4465
2008-10-01,esercizi extra-alberghieri,Paesi esteri,217,1662
2008-11-01,esercizi alberghieri,Italia,13576,33239
2008-11-01,esercizi alberghieri,Paesi esteri,1554,5124
2008-11-01,esercizi extra-alberghieri,Italia,692,4603
2008-11-01,esercizi extra-alberghieri,Paesi esteri,42,942
2008-12-01,esercizi alberghieri,Italia,12638,29769
2008-12-01,esercizi alberghieri,Paesi esteri,909,3022
2008-12-01,esercizi extra-alberghieri,Italia,1199,5702
2008-12-01,esercizi extra-alberghieri,Paesi esteri,149,1446
2009-01-01,esercizi alberghieri,Italia,12749,35652
2009-01-01,esercizi alberghieri,Paesi esteri,833,2824
2009-01-01,esercizi extra-alberghieri,Italia,955,5546
2009-01-01,esercizi extra-alberghieri,Paesi esteri,49,896
2009-02-01,esercizi alberghieri,Italia,13247,34898
2009-02-01,esercizi alberghieri,Paesi esteri,914,2689
2009-02-01,esercizi extra-alberghieri,Italia,849,4470
2009-02-01,esercizi extra-alberghieri,Paesi esteri,50,636
2009-03-01,esercizi alberghieri,Italia,14364,36374
2009-03-01,esercizi alberghieri,Paesi esteri,1578,4892
2009-03-01,esercizi extra-alberghieri,Italia,1304,5516
2009-03-01,esercizi extra-alberghieri,Paesi esteri,94,865
2009-04-01,esercizi alberghieri,Italia,12076,34398
2009-04-01,esercizi alberghieri,Paesi esteri,1731,5315
2009-04-01,esercizi extra-alberghieri,Italia,1225,6404
2009-04-01,esercizi extra-alberghieri,Paesi esteri,280,1150
2009-05-01,esercizi alberghieri,Italia,16037,43811
2009-05-01,esercizi alberghieri,Paesi esteri,2369,7222
2009-05-01,esercizi extra-alberghieri,Italia,2004,8886
2009-05-01,esercizi extra-alberghieri,Paesi esteri,340,1822
2009-06-01,esercizi alberghieri,Italia,19673,72750
2009-06-01,esercizi alberghieri,Paesi esteri,3392,12238
2009-06-01,esercizi extra-alberghieri,Italia,4794,31183
2009-06-01,esercizi extra-alberghieri,Paesi esteri,478,2406
2009-07-01,esercizi alberghieri,Italia,26843,122002
2009-07-01,esercizi alberghieri,Paesi esteri,3881,17818
2009-07-01,esercizi extra-alberghieri,Italia,7832,92857
2009-07-01,esercizi extra-alberghieri,Paesi esteri,944,6970
2009-08-01,esercizi alberghieri,Italia,33282,142331
2009-08-01,esercizi alberghieri,Paesi esteri,3119,13546
2009-08-01,esercizi extra-alberghieri,Italia,13581,174493
2009-08-01,esercizi extra-alberghieri,Paesi esteri,818,6328
2009-09-01,esercizi alberghieri,Italia,18228,58858
2009-09-01,esercizi alberghieri,Paesi esteri,2816,8574
2009-09-01,esercizi extra-alberghieri,Italia,2070,18722
2009-09-01,esercizi extra-alberghieri,Paesi esteri,443,2837
2009-10-01,esercizi alberghieri,Italia,13659,39799
2009-10-01,esercizi alberghieri,Paesi esteri,2182,6599
2009-10-01,esercizi extra-alberghieri,Italia,1076,8049
2009-10-01,esercizi extra-alberghieri,Paesi esteri,207,1581
2009-11-01,esercizi alberghieri,Italia,12582,34324
2009-11-01,esercizi alberghieri,Paesi esteri,1485,4566
2009-11-01,esercizi extra-alberghieri,Italia,849,9428
2009-11-01,esercizi extra-alberghieri,Paesi esteri,61,834
2009-12-01,esercizi alberghieri,Italia,12034,30224
2009-12-01,esercizi alberghieri,Paesi esteri,1078,3114
2009-12-01,esercizi extra-alberghieri,Italia,1545,8786
2009-12-01,esercizi extra-alberghieri,Paesi esteri,100,839
2010-01-01,esercizi alberghieri,Italia,11017,29355
2010-01-01,esercizi alberghieri,Paesi esteri,988,2775
2010-01-01,esercizi extra-alberghieri,Italia,1029,9470
2010-01-01,esercizi extra-alberghieri,Paesi esteri,59,361
2010-02-01,esercizi alberghieri,Italia,13977,30966
2010-02-01,esercizi alberghieri,Paesi esteri,1141,3074
2010-02-01,esercizi extra-alberghieri,Italia,911,9697
2010-02-01,esercizi extra-alberghieri,Paesi esteri,76,411
2010-03-01,esercizi alberghieri,Italia,13890,29925
2010-03-01,esercizi alberghieri,Paesi esteri,1829,4463
2010-03-01,esercizi extra-alberghieri,Italia,1146,10721
2010-03-01,esercizi extra-alberghieri,Paesi esteri,89,598
2010-04-01,esercizi alberghieri,Italia,15783,34010
2010-04-01,esercizi alberghieri,Paesi esteri,1944,4629
2010-04-01,esercizi extra-alberghieri,Italia,1435,10874
2010-04-01,esercizi extra-alberghieri,Paesi esteri,121,703
2010-05-01,esercizi alberghieri,Italia,16874,36542
2010-05-01,esercizi alberghieri,Paesi esteri,2856,6953
2010-05-01,esercizi extra-alberghieri,Italia,1787,12578
2010-05-01,esercizi extra-alberghieri,Paesi esteri,402,1515
2010-06-01,esercizi alberghieri,Italia,23129,69929
2010-06-01,esercizi alberghieri,Paesi esteri,2863,8276
2010-06-01,esercizi extra-alberghieri,Italia,5688,41507
2010-06-01,esercizi extra-alberghieri,Paesi esteri,371,1968
2010-07-01,esercizi alberghieri,Italia,30996,121727
2010-07-01,esercizi alberghieri,Paesi esteri,4724,16246
2010-07-01,esercizi extra-alberghieri,Italia,9788,108943
2010-07-01,esercizi extra-alberghieri,Paesi esteri,1062,7152
2010-08-01,esercizi alberghieri,Italia,36813,162420
2010-08-01,esercizi alberghieri,Paesi esteri,3843,16548
2010-08-01,esercizi extra-alberghieri,Italia,13943,188791
2010-08-01,esercizi extra-alberghieri,Paesi esteri,879,6495
2010-09-01,esercizi alberghieri,Italia,21727,63960
2010-09-01,esercizi alberghieri,Paesi esteri,3352,10661
2010-09-01,esercizi extra-alberghieri,Italia,2840,22866
2010-09-01,esercizi extra-alberghieri,Paesi esteri,439,2530
2010-10-01,esercizi alberghieri,Italia,16602,39577
2010-10-01,esercizi alberghieri,Paesi esteri,2998,8367
2010-10-01,esercizi extra-alberghieri,Italia,1563,18066
2010-10-01,esercizi extra-alberghieri,Paesi esteri,303,1939
2010-11-01,esercizi alberghieri,Italia,14514,32423
2010-11-01,esercizi alberghieri,Paesi esteri,1853,5604
2010-11-01,esercizi extra-alberghieri,Italia,988,17931
2010-11-01,esercizi extra-alberghieri,Paesi esteri,120,1007
2010-12-01,esercizi alberghieri,Italia,13637,29329
2010-12-01,esercizi alberghieri,Paesi esteri,975,3038
2010-12-01,esercizi extra-alberghieri,Italia,1498,15882
2010-12-01,esercizi extra-alberghieri,Paesi esteri,92,945
2011-01-01,esercizi alberghieri,Italia,12882,29960
2011-01-01,esercizi alberghieri,Paesi esteri,1090,3125
2011-01-01,esercizi extra-alberghieri,Italia,1461,12274
2011-01-01,esercizi extra-alberghieri,Paesi esteri,78,524
2011-02-01,esercizi alberghieri,Italia,15356,32137
2011-02-01,esercizi alberghieri,Paesi esteri,1232,3609
2011-02-01,esercizi extra-alberghieri,Italia,1135,14530
2011-02-01,esercizi extra-alberghieri,Paesi esteri,68,736
2011-03-01,esercizi alberghieri,Italia,15056,32706
2011-03-01,esercizi alberghieri,Paesi esteri,1735,5017
2011-03-01,esercizi extra-alberghieri,Italia,1575,16757
2011-03-01,esercizi extra-alberghieri,Paesi esteri,110,748
2011-04-01,esercizi alberghieri,Italia,15891,35378
2011-04-01,esercizi alberghieri,Paesi esteri,2473,6621
2011-04-01,esercizi extra-alberghieri,Italia,1857,13909
2011-04-01,esercizi extra-alberghieri,Paesi esteri,235,1218
2011-05-01,esercizi alberghieri,Italia,17292,39394
2011-05-01,esercizi alberghieri,Paesi esteri,3177,9307
2011-05-01,esercizi extra-alberghieri,Italia,2085,17498
2011-05-01,esercizi extra-alberghieri,Paesi esteri,377,1685
2011-06-01,esercizi alberghieri,Italia,24949,71696
2011-06-01,esercizi alberghieri,Paesi esteri,3358,12025
2011-06-01,esercizi extra-alberghieri,Italia,6702,54776
2011-06-01,esercizi extra-alberghieri,Paesi esteri,664,3427
2011-07-01,esercizi alberghieri,Italia,31499,121556
2011-07-01,esercizi alberghieri,Paesi esteri,5250,20551
2011-07-01,esercizi extra-alberghieri,Italia,11341,131509
2011-07-01,esercizi extra-alberghieri,Paesi esteri,1207,7823
2011-08-01,esercizi alberghieri,Italia,38212,156793
2011-08-01,esercizi alberghieri,Paesi esteri,4251,18253
2011-08-01,esercizi extra-alberghieri,Italia,14442,190769
2011-08-01,esercizi extra-alberghieri,Paesi esteri,945,7122
2011-09-01,esercizi alberghieri,Italia,21776,56708
2011-09-01,esercizi alberghieri,Paesi esteri,3469,11130
2011-09-01,esercizi extra-alberghieri,Italia,2524,18090
2011-09-01,esercizi extra-alberghieri,Paesi esteri,599,3648
2011-10-01,esercizi alberghieri,Italia,15655,35091
2011-10-01,esercizi alberghieri,Paesi esteri,2943,9370
2011-10-01,esercizi extra-alberghieri,Italia,1302,5556
2011-10-01,esercizi extra-alberghieri,Paesi esteri,300,2469
2011-11-01,esercizi alberghieri,Italia,14155,29494
2011-11-01,esercizi alberghieri,Paesi esteri,1992,6025
2011-11-01,esercizi extra-alberghieri,Italia,1060,5065
2011-11-01,esercizi extra-alberghieri,Paesi esteri,107,1482
2011-12-01,esercizi alberghieri,Italia,12425,26234
2011-12-01,esercizi alberghieri,Paesi esteri,1015,3170
2011-12-01,esercizi extra-alberghieri,Italia,1288,5390
2011-12-01,esercizi extra-alberghieri,Paesi esteri,96,830
2012-01-01,esercizi alberghieri,Italia,11967,26446
2012-01-01,esercizi alberghieri,Paesi esteri,991,2676
2012-01-01,esercizi extra-alberghieri,Italia,1087,4464
2012-01-01,esercizi extra-alberghieri,Paesi esteri,140,883
2012-02-01,esercizi alberghieri,Italia,11003,23049
2012-02-01,esercizi alberghieri,Paesi esteri,1036,2690
2012-02-01,esercizi extra-alberghieri,Italia,790,3431
2012-02-01,esercizi extra-alberghieri,Paesi esteri,88,1088
2012-03-01,esercizi alberghieri,Italia,15063,29120
2012-03-01,esercizi alberghieri,Paesi esteri,1672,4051
2012-03-01,esercizi extra-alberghieri,Italia,1770,5525
2012-03-01,esercizi extra-alberghieri,Paesi esteri,168,1607
2012-04-01,esercizi alberghieri,Italia,14953,29201
2012-04-01,esercizi alberghieri,Paesi esteri,2112,4570
2012-04-01,esercizi extra-alberghieri,Italia,2357,7197
2012-04-01,esercizi extra-alberghieri,Paesi esteri,230,1793
2012-05-01,esercizi alberghieri,Italia,17083,34371
2012-05-01,esercizi alberghieri,Paesi esteri,2872,7528
2012-05-01,esercizi extra-alberghieri,Italia,1867,6934
2012-05-01,esercizi extra-alberghieri,Paesi esteri,367,2143
2012-06-01,esercizi alberghieri,Italia,24985,67590
2012-06-01,esercizi alberghieri,Paesi esteri,3049,9160
2012-06-01,esercizi extra-alberghieri,Italia,7341,42660
2012-06-01,esercizi extra-alberghieri,Paesi esteri,548,3033
2012-07-01,esercizi alberghieri,Italia,29688,112126
2012-07-01,esercizi alberghieri,Paesi esteri,5096,18656
2012-07-01,esercizi extra-alberghieri,Italia,10134,115274
2012-07-01,esercizi extra-alberghieri,Paesi esteri,1096,7399
2012-08-01,esercizi alberghieri,Italia,38684,154832
2012-08-01,esercizi alberghieri,Paesi esteri,4094,16968
2012-08-01,esercizi extra-alberghieri,Italia,14186,170645
2012-08-01,esercizi extra-alberghieri,Paesi esteri,923,7267
2012-09-01,esercizi alberghieri,Italia,21330,57157
2012-09-01,esercizi alberghieri,Paesi esteri,3220,9964
2012-09-01,esercizi extra-alberghieri,Italia,3190,25230
2012-09-01,esercizi extra-alberghieri,Paesi esteri,404,2865
2012-10-01,esercizi alberghieri,Italia,13830,31953
2012-10-01,esercizi alberghieri,Paesi esteri,2252,5698
2012-10-01,esercizi extra-alberghieri,Italia,1344,7475
2012-10-01,esercizi extra-alberghieri,Paesi esteri,297,1037
2012-11-01,esercizi alberghieri,Italia,13200,30535
2012-11-01,esercizi alberghieri,Paesi esteri,1401,4219
2012-11-01,esercizi extra-alberghieri,Italia,1410,6864
2012-11-01,esercizi extra-alberghieri,Paesi esteri,83,555
2012-12-01,esercizi alberghieri,Italia,12322,31323
2012-12-01,esercizi alberghieri,Paesi esteri,1043,3382
2012-12-01,esercizi extra-alberghieri,Italia,1428,5540
2012-12-01,esercizi extra-alberghieri,Paesi esteri,120,495
2013-01-01,esercizi alberghieri,Italia,11314,28837
2013-01-01,esercizi alberghieri,Paesi esteri,1070,2941
2013-01-01,esercizi extra-alberghieri,Italia,865,4974
2013-01-01,esercizi extra-alberghieri,Paesi esteri,58,235
2013-02-01,esercizi alberghieri,Italia,12584,28890
2013-02-01,esercizi alberghieri,Paesi esteri,1099,2640
2013-02-01,esercizi extra-alberghieri,Italia,963,4313
2013-02-01,esercizi extra-alberghieri,Paesi esteri,47,183
2013-03-01,esercizi alberghieri,Italia,15031,32734
2013-03-01,esercizi alberghieri,Paesi esteri,1718,3750
2013-03-01,esercizi extra-alberghieri,Italia,1984,5995
2013-03-01,esercizi extra-alberghieri,Paesi esteri,144,486
2013-04-01,esercizi alberghieri,Italia,13714,29816
2013-04-01,esercizi alberghieri,Paesi esteri,1761,4648
2013-04-01,esercizi extra-alberghieri,Italia,1608,5494
2013-04-01,esercizi extra-alberghieri,Paesi esteri,175,372
2013-05-01,esercizi alberghieri,Italia,15485,33097
2013-05-01,esercizi alberghieri,Paesi esteri,3495,8577
2013-05-01,esercizi extra-alberghieri,Italia,1913,8871
2013-05-01,esercizi extra-alberghieri,Paesi esteri,490,1449
2013-06-01,esercizi alberghieri,Italia,21755,59283
2013-06-01,esercizi alberghieri,Paesi esteri,3413,9600
2013-06-01,esercizi extra-alberghieri,Italia,7356,41362
2013-06-01,esercizi extra-alberghieri,Paesi esteri,769,3207
2013-07-01,esercizi alberghieri,Italia,26876,97448
2013-07-01,esercizi alberghieri,Paesi esteri,5524,21309
2013-07-01,esercizi extra-alberghieri,Italia,10754,117191
2013-07-01,esercizi extra-alberghieri,Paesi esteri,1487,9439
2013-08-01,esercizi alberghieri,Italia,35878,142171
2013-08-01,esercizi alberghieri,Paesi esteri,4412,18874
2013-08-01,esercizi extra-alberghieri,Italia,15061,172272
2013-08-01,esercizi extra-alberghieri,Paesi esteri,1053,7330
2013-09-01,esercizi alberghieri,Italia,17540,49825
2013-09-01,esercizi alberghieri,Paesi esteri,3446,9380
2013-09-01,esercizi extra-alberghieri,Italia,2765,19494
2013-09-01,esercizi extra-alberghieri,Paesi esteri,585,2994
2013-10-01,esercizi alberghieri,Italia,12456,28195
2013-10-01,esercizi alberghieri,Paesi esteri,3077,6504
2013-10-01,esercizi extra-alberghieri,Italia,1351,6134
2013-10-01,esercizi extra-alberghieri,Paesi esteri,269,1470
2013-11-01,esercizi alberghieri,Italia,11800,25621
2013-11-01,esercizi alberghieri,Paesi esteri,1782,4390
2013-11-01,esercizi extra-alberghieri,Italia,1127,6070
2013-11-01,esercizi extra-alberghieri,Paesi esteri,87,565
2013-12-01,esercizi alberghieri,Italia,10193,23489
2013-12-01,esercizi alberghieri,Paesi esteri,1114,3284
2013-12-01,esercizi extra-alberghieri,Italia,1210,6372
2013-12-01,esercizi extra-alberghieri,Paesi esteri,78,498
2014-01-01,esercizi alberghieri,Italia,9978,24818
2014-01-01,esercizi alberghieri,Paesi esteri,1042,3233
2014-01-01,esercizi extra-alberghieri,Italia,823,5312
2014-01-01,esercizi extra-alberghieri,Paesi esteri,65,474
2014-02-01,esercizi alberghieri,Italia,11329,25123
2014-02-01,esercizi alberghieri,Paesi esteri,1022,3137
2014-02-01,esercizi extra-alberghieri,Italia,839,4314
2014-02-01,esercizi extra-alberghieri,Paesi esteri,33,473
2014-03-01,esercizi alberghieri,Italia,12458,26790
2014-03-01,esercizi alberghieri,Paesi esteri,1434,3725
2014-03-01,esercizi extra-alberghieri,Italia,1154,5366
2014-03-01,esercizi extra-alberghieri,Paesi esteri,77,533
2014-04-01,esercizi alberghieri,Italia,13749,29037
2014-04-01,esercizi alberghieri,Paesi esteri,2655,6072
2014-04-01,esercizi extra-alberghieri,Italia,1749,7040
2014-04-01,esercizi extra-alberghieri,Paesi esteri,188,836
2014-05-01,esercizi alberghieri,Italia,14297,28717
2014-05-01,esercizi alberghieri,Paesi esteri,3124,7909
2014-05-01,esercizi extra-alberghieri,Italia,1450,6091
2014-05-01,esercizi extra-alberghieri,Paesi esteri,311,1180
2014-06-01,esercizi alberghieri,Italia,18453,45899
2014-06-01,esercizi alberghieri,Paesi esteri,2601,8400
2014-06-01,esercizi extra-alberghieri,Italia,6900,40556
2014-06-01,esercizi extra-alberghieri,Paesi esteri,587,2119
2014-07-01,esercizi alberghieri,Italia,25428,85717
2014-07-01,esercizi alberghieri,Paesi esteri,4598,15461
2014-07-01,esercizi extra-alberghieri,Italia,9010,104086
2014-07-01,esercizi extra-alberghieri,Paesi esteri,1246,7440
2014-08-01,esercizi alberghieri,Italia,35399,126221
2014-08-01,esercizi alberghieri,Paesi esteri,3997,15192
2014-08-01,esercizi extra-alberghieri,Italia,13175,142504
2014-08-01,esercizi extra-alberghieri,Paesi esteri,891,5547
2014-09-01,esercizi alberghieri,Italia,16587,40429
2014-09-01,esercizi alberghieri,Paesi esteri,2936,8345
2014-09-01,esercizi extra-alberghieri,Italia,1701,13501
2014-09-01,esercizi extra-alberghieri,Paesi esteri,325,1179
2014-10-01,esercizi alberghieri,Italia,12478,24875
2014-10-01,esercizi alberghieri,Paesi esteri,2533,7186
2014-10-01,esercizi extra-alberghieri,Italia,3567,19599
2014-10-01,esercizi extra-alberghieri,Paesi esteri,320,1252
2014-11-01,esercizi alberghieri,Italia,11123,35139
2014-11-01,esercizi alberghieri,Paesi esteri,1425,4873
2014-11-01,esercizi extra-alberghieri,Italia,3448,19406
2014-11-01,esercizi extra-alberghieri,Paesi esteri,153,817
2014-12-01,esercizi alberghieri,Italia,10650,32426
2014-12-01,esercizi alberghieri,Paesi esteri,801,2522
2014-12-01,esercizi extra-alberghieri,Italia,3457,19654
2014-12-01,esercizi extra-alberghieri,Paesi esteri,180,901
2015-01-01,esercizi alberghieri,Italia,8947,18201
2015-01-01,esercizi alberghieri,Paesi esteri,1014,2997
2015-01-01,esercizi extra-alberghieri,Italia,650,2486
2015-01-01,esercizi extra-alberghieri,Paesi esteri,48,217
2015-02-01,esercizi alberghieri,Italia,11223,20416
2015-02-01,esercizi alberghieri,Paesi esteri,952,2559
2015-02-01,esercizi extra-alberghieri,Italia,947,2855
2015-02-01,esercizi extra-alberghieri,Paesi esteri,63,163
2015-03-01,esercizi alberghieri,Italia,11963,20900
2015-03-01,esercizi alberghieri,Paesi esteri,1264,3394
2015-03-01,esercizi extra-alberghieri,Italia,1482,3770
2015-03-01,esercizi extra-alberghieri,Paesi esteri,84,269
2015-04-01,esercizi alberghieri,Italia,13784,24375
2015-04-01,esercizi alberghieri,Paesi esteri,1963,4335
2015-04-01,esercizi extra-alberghieri,Italia,1502,4146
2015-04-01,esercizi extra-alberghieri,Paesi esteri,176,535
2015-05-01,esercizi alberghieri,Italia,15767,28771
2015-05-01,esercizi alberghieri,Paesi esteri,2477,5789
2015-05-01,esercizi extra-alberghieri,Italia,1996,4937
2015-05-01,esercizi extra-alberghieri,Paesi esteri,346,850
2015-06-01,esercizi alberghieri,Italia,18734,45616
2015-06-01,esercizi alberghieri,Paesi esteri,2769,7940
2015-06-01,esercizi extra-alberghieri,Italia,6286,34075
2015-06-01,esercizi extra-alberghieri,Paesi esteri,595,2039
2015-07-01,esercizi alberghieri,Italia,28440,93034
2015-07-01,esercizi alberghieri,Paesi esteri,4629,15466
2015-07-01,esercizi extra-alberghieri,Italia,10024,85379
2015-07-01,esercizi extra-alberghieri,Paesi esteri,1314,7900
2015-08-01,esercizi alberghieri,Italia,35855,125459
2015-08-01,esercizi alberghieri,Paesi esteri,3902,15525
2015-08-01,esercizi extra-alberghieri,Italia,14949,122415
2015-08-01,esercizi extra-alberghieri,Paesi esteri,1202,7093
2015-09-01,esercizi alberghieri,Italia,17420,48408
2015-09-01,esercizi alberghieri,Paesi esteri,3102,10064
2015-09-01,esercizi extra-alberghieri,Italia,2614,14715
2015-09-01,esercizi extra-alberghieri,Paesi esteri,533,2418
2015-10-01,esercizi alberghieri,Italia,13190,28779
2015-10-01,esercizi alberghieri,Paesi esteri,2345,6232
2015-10-01,esercizi extra-alberghieri,Italia,1392,3905
2015-10-01,esercizi extra-alberghieri,Paesi esteri,287,1007
2015-11-01,esercizi alberghieri,Italia,11871,23320
2015-11-01,esercizi alberghieri,Paesi esteri,1385,3559
2015-11-01,esercizi extra-alberghieri,Italia,1126,3233
2015-11-01,esercizi extra-alberghieri,Paesi esteri,71,512
2015-12-01,esercizi alberghieri,Italia,11079,23459
2015-12-01,esercizi alberghieri,Paesi esteri,1033,3248
2015-12-01,esercizi extra-alberghieri,Italia,1514,3967
2015-12-01,esercizi extra-alberghieri,Paesi esteri,63,375
2016-01-01,esercizi alberghieri,Italia,10592,22942
2016-01-01,esercizi alberghieri,Paesi esteri,924,2505
2016-01-01,esercizi extra-alberghieri,Italia,837,3462
2016-01-01,esercizi extra-alberghieri,Paesi esteri,48,265
2016-02-01,esercizi alberghieri,Italia,12103,21770
2016-02-01,esercizi alberghieri,Paesi esteri,1158,2963
2016-02-01,esercizi extra-alberghieri,Italia,982,3052
2016-02-01,esercizi extra-alberghieri,Paesi esteri,53,227
2016-03-01,esercizi alberghieri,Italia,13299,25212
2016-03-01,esercizi alberghieri,Paesi esteri,1652,3441
2016-03-01,esercizi extra-alberghieri,Italia,1208,3731
2016-03-01,esercizi extra-alberghieri,Paesi esteri,134,387
2016-04-01,esercizi alberghieri,Italia,14196,24679
2016-04-01,esercizi alberghieri,Paesi esteri,2154,4698
2016-04-01,esercizi extra-alberghieri,Italia,1517,3841
2016-04-01,esercizi extra-alberghieri,Paesi esteri,276,867
2016-05-01,esercizi alberghieri,Italia,13993,23779
2016-05-01,esercizi alberghieri,Paesi esteri,2809,6833
2016-05-01,esercizi extra-alberghieri,Italia,1817,5374
2016-05-01,esercizi extra-alberghieri,Paesi esteri,556,1630
2016-06-01,esercizi alberghieri,Italia,21905,50557
2016-06-01,esercizi alberghieri,Paesi esteri,3010,8294
2016-06-01,esercizi extra-alberghieri,Italia,5741,23593
2016-06-01,esercizi extra-alberghieri,Paesi esteri,773,2494
2016-07-01,esercizi alberghieri,Italia,30568,93487
2016-07-01,esercizi alberghieri,Paesi esteri,4679,15278
2016-07-01,esercizi extra-alberghieri,Italia,12646,78552
2016-07-01,esercizi extra-alberghieri,Paesi esteri,1826,9137
2016-08-01,esercizi alberghieri,Italia,33950,118195
2016-08-01,esercizi alberghieri,Paesi esteri,3810,13720
2016-08-01,esercizi extra-alberghieri,Italia,14188,112952
2016-08-01,esercizi extra-alberghieri,Paesi esteri,1519,8782
2016-09-01,esercizi alberghieri,Italia,16823,37009
2016-09-01,esercizi alberghieri,Paesi esteri,3767,9965
2016-09-01,esercizi extra-alberghieri,Italia,3261,14261
2016-09-01,esercizi extra-alberghieri,Paesi esteri,764,4964
2016-10-01,esercizi alberghieri,Italia,13228,23580
2016-10-01,esercizi alberghieri,Paesi esteri,2698,6158
2016-10-01,esercizi extra-alberghieri,Italia,1331,3800
2016-10-01,esercizi extra-alberghieri,Paesi esteri,324,1009
2016-11-01,esercizi alberghieri,Italia,11096,18471
2016-11-01,esercizi alberghieri,Paesi esteri,1387,3377
2016-11-01,esercizi extra-alberghieri,Italia,1023,2868
2016-11-01,esercizi extra-alberghieri,Paesi esteri,85,213
2016-12-01,esercizi alberghieri,Italia,11184,19175
2016-12-01,esercizi alberghieri,Paesi esteri,910,1925
2016-12-01,esercizi extra-alberghieri,Italia,1248,3069
2016-12-01,esercizi extra-alberghieri,Paesi esteri,95,246
2017-01-01,esercizi alberghieri,Italia,10649,20609
2017-01-01,esercizi alberghieri,Paesi esteri,1191,2531
2017-01-01,esercizi extra-alberghieri,Italia,652,2478
2017-01-01,esercizi extra-alberghieri,Paesi esteri,61,202
2017-02-01,esercizi alberghieri,Italia,11887,22355
2017-02-01,esercizi alberghieri,Paesi esteri,946,2187
2017-02-01,esercizi extra-alberghieri,Italia,864,2434
2017-02-01,esercizi extra-alberghieri,Paesi esteri,69,256
2017-03-01,esercizi alberghieri,Italia,12457,21909
2017-03-01,esercizi alberghieri,Paesi esteri,1391,2913
2017-03-01,esercizi extra-alberghieri,Italia,1455,3569
2017-03-01,esercizi extra-alberghieri,Paesi esteri,105,535
2017-04-01,esercizi alberghieri,Italia,14625,25760
2017-04-01,esercizi alberghieri,Paesi esteri,1476,3589
2017-04-01,esercizi extra-alberghieri,Italia,2754,6162
2017-04-01,esercizi extra-alberghieri,Paesi esteri,346,855
2017-05-01,esercizi alberghieri,Italia,14580,24160
2017-05-01,esercizi alberghieri,Paesi esteri,2894,5894
2017-05-01,esercizi extra-alberghieri,Italia,1917,6054
2017-05-01,esercizi extra-alberghieri,Paesi esteri,538,1607
2017-06-01,esercizi alberghieri,Italia,26111,57252
2017-06-01,esercizi alberghieri,Paesi esteri,3418,8478
2017-06-01,esercizi extra-alberghieri,Italia,8912,44546
2017-06-01,esercizi extra-alberghieri,Paesi esteri,1047,3981
2017-07-01,esercizi alberghieri,Italia,31745,97487
2017-07-01,esercizi alberghieri,Paesi esteri,4880,16676
2017-07-01,esercizi extra-alberghieri,Italia,12968,95520
2017-07-01,esercizi extra-alberghieri,Paesi esteri,1927,9293
2017-08-01,esercizi alberghieri,Italia,35873,128585
2017-08-01,esercizi alberghieri,Paesi esteri,3953,14365
2017-08-01,esercizi extra-alberghieri,Italia,16103,130888
2017-08-01,esercizi extra-alberghieri,Paesi esteri,1686,9385
2017-09-01,esercizi alberghieri,Italia,16872,36020
2017-09-01,esercizi alberghieri,Paesi esteri,2926,9029
2017-09-01,esercizi extra-alberghieri,Italia,3621,25953
2017-09-01,esercizi extra-alberghieri,Paesi esteri,692,2901
2017-10-01,esercizi alberghieri,Italia,13306,22780
2017-10-01,esercizi alberghieri,Paesi esteri,2062,4933
2017-10-01,esercizi extra-alberghieri,Italia,1747,12027
2017-10-01,esercizi extra-alberghieri,Paesi esteri,387,999
2017-11-01,esercizi alberghieri,Italia,10727,19641
2017-11-01,esercizi alberghieri,Paesi esteri,1519,4071
2017-11-01,esercizi extra-alberghieri,Italia,1648,9298
2017-11-01,esercizi extra-alberghieri,Paesi esteri,110,355
2017-12-01,esercizi alberghieri,Italia,11485,19990
2017-12-01,esercizi alberghieri,Paesi esteri,1031,2541
2017-12-01,esercizi extra-alberghieri,Italia,1665,13082
2017-12-01,esercizi extra-alberghieri,Paesi esteri,119,389
2018-01-01,esercizi alberghieri,Italia,10283,19513
2018-01-01,esercizi alberghieri,Paesi esteri,772,1788
2018-01-01,esercizi extra-alberghieri,Italia,954,7425
2018-01-01,esercizi extra-alberghieri,Paesi esteri,87,530
2018-02-01,esercizi alberghieri,Italia,10281,19026
2018-02-01,esercizi alberghieri,Paesi esteri,892,2671
2018-02-01,esercizi extra-alberghieri,Italia,936,6638
2018-02-01,esercizi extra-alberghieri,Paesi esteri,115,494
2018-03-01,esercizi alberghieri,Italia,14734,31391
2018-03-01,esercizi alberghieri,Paesi esteri,1400,3599
2018-03-01,esercizi extra-alberghieri,Italia,1714,8855
2018-03-01,esercizi extra-alberghieri,Paesi esteri,166,784
2018-04-01,esercizi alberghieri,Italia,16086,32312
2018-04-01,esercizi alberghieri,Paesi esteri,2075,4549
2018-04-01,esercizi extra-alberghieri,Italia,3308,11610
2018-04-01,esercizi extra-alberghieri,Paesi esteri,349,1048
2018-05-01,esercizi alberghieri,Italia,14695,29017
2018-05-01,esercizi alberghieri,Paesi esteri,2922,5841
2018-05-01,esercizi extra-alberghieri,Italia,2471,13834
2018-05-01,esercizi extra-alberghieri,Paesi esteri,725,2079
2018-06-01,esercizi alberghieri,Italia,27575,64201
2018-06-01,esercizi alberghieri,Paesi esteri,3374,8829
2018-06-01,esercizi extra-alberghieri,Italia,10330,50740
2018-06-01,esercizi extra-alberghieri,Paesi esteri,1322,4339
2018-07-01,esercizi alberghieri,Italia,29466,101441
2018-07-01,esercizi alberghieri,Paesi esteri,5112,16618
2018-07-01,esercizi extra-alberghieri,Italia,12735,98732
2018-07-01,esercizi extra-alberghieri,Paesi esteri,2524,11182
2018-08-01,esercizi alberghieri,Italia,34554,126429
2018-08-01,esercizi alberghieri,Paesi esteri,4104,15125
2018-08-01,esercizi extra-alberghieri,Italia,16945,130587
2018-08-01,esercizi extra-alberghieri,Paesi esteri,1779,8847
2018-09-01,esercizi alberghieri,Italia,19531,45645
2018-09-01,esercizi alberghieri,Paesi esteri,3535,8800
2018-09-01,esercizi extra-alberghieri,Italia,3943,30132
2018-09-01,esercizi extra-alberghieri,Paesi esteri,812,3075
2018-10-01,esercizi alberghieri,Italia,13437,27778
2018-10-01,esercizi alberghieri,Paesi esteri,2057,6127
2018-10-01,esercizi extra-alberghieri,Italia,1758,12333
2018-10-01,esercizi extra-alberghieri,Paesi esteri,366,1272
2018-11-01,esercizi alberghieri,Italia,10925,22320
2018-11-01,esercizi alberghieri,Paesi esteri,1231,2891
2018-11-01,esercizi extra-alberghieri,Italia,1381,10773
2018-11-01,esercizi extra-alberghieri,Paesi esteri,126,1010
2018-12-01,esercizi alberghieri,Italia,10755,20172
2018-12-01,esercizi alberghieri,Paesi esteri,781,2187
2018-12-01,esercizi extra-alberghieri,Italia,1800,9962
2018-12-01,esercizi extra-alberghieri,Paesi esteri,156,780
2019-01-01,esercizi alberghieri,Italia,9928,21534
2019-01-01,esercizi alberghieri,Paesi esteri,743,1737
2019-01-01,esercizi extra-alberghieri,Italia,1208,8418
2019-01-01,esercizi extra-alberghieri,Paesi esteri,135,481
2019-02-01,esercizi alberghieri,Italia,11066,23621
2019-02-01,esercizi alberghieri,Paesi esteri,899,2021
2019-02-01,esercizi extra-alberghieri,Italia,1265,8020
2019-02-01,esercizi extra-alberghieri,Paesi esteri,101,472
2019-03-01,esercizi alberghieri,Italia,12231,24229
2019-03-01,esercizi alberghieri,Paesi esteri,1273,2659
2019-03-01,esercizi extra-alberghieri,Italia,1555,9557
2019-03-01,esercizi extra-alberghieri,Paesi esteri,188,680
2019-04-01,esercizi alberghieri,Italia,15955,29266
2019-04-01,esercizi alberghieri,Paesi esteri,1665,3132
2019-04-01,esercizi extra-alberghieri,Italia,3582,12394
2019-04-01,esercizi extra-alberghieri,Paesi esteri,405,1165
2019-05-01,esercizi alberghieri,Italia,17569,31617
2019-05-01,esercizi alberghieri,Paesi esteri,3347,7042
2019-05-01,esercizi extra-alberghieri,Italia,3000,12240
2019-05-01,esercizi extra-alberghieri,Paesi esteri,861,2256
2019-06-01,esercizi alberghieri,Italia,22232,49527
2019-06-01,esercizi alberghieri,Paesi esteri,2843,7986
2019-06-01,esercizi extra-alberghieri,Italia,9456,46777
2019-06-01,esercizi extra-alberghieri,Paesi esteri,1484,5114
2019-07-01,esercizi alberghieri,Italia,26952,82903
2019-07-01,esercizi alberghieri,Paesi esteri,4304,14668
2019-07-01,esercizi extra-alberghieri,Italia,12599,96942
2019-07-01,esercizi extra-alberghieri,Paesi esteri,2335,10123
2019-08-01,esercizi alberghieri,Italia,35246,113808
2019-08-01,esercizi alberghieri,Paesi esteri,3641,12673
2019-08-01,esercizi extra-alberghieri,Italia,18949,137500
2019-08-01,esercizi extra-alberghieri,Paesi esteri,2014,9242
2019-09-01,esercizi alberghieri,Italia,18070,39046
2019-09-01,esercizi alberghieri,Paesi esteri,3183,8845
2019-09-01,esercizi extra-alberghieri,Italia,4151,25645
2019-09-01,esercizi extra-alberghieri,Paesi esteri,1017,3377
2019-10-01,esercizi alberghieri,Italia,12851,21643
2019-10-01,esercizi alberghieri,Paesi esteri,2213,5116
2019-10-01,esercizi extra-alberghieri,Italia,1840,4841
2019-10-01,esercizi extra-alberghieri,Paesi esteri,421,1412
2019-11-01,esercizi alberghieri,Italia,10097,16559
2019-11-01,esercizi alberghieri,Paesi esteri,1141,2986
2019-11-01,esercizi extra-alberghieri,Italia,1659,3933
2019-11-01,esercizi extra-alberghieri,Paesi esteri,212,644
2019-12-01,esercizi alberghieri,Italia,10738,18196
2019-12-01,esercizi alberghieri,Paesi esteri,1023,2479
2019-12-01,esercizi extra-alberghieri,Italia,1799,3916
2019-12-01,esercizi extra-alberghieri,Paesi esteri,124,357
2020-01-01,esercizi alberghieri,Italia,8866,18381
2020-01-01,esercizi alberghieri,Paesi esteri,769,2069
2020-01-01,esercizi extra-alberghieri,Italia,1296,2840
2020-01-01,esercizi extra-alberghieri,Paesi esteri,110,397
2020-02-01,esercizi alberghieri,Italia,10608,20779
2020-02-01,esercizi alberghieri,Paesi esteri,759,2000
2020-02-01,esercizi extra-alberghieri,Italia,1498,3032
2020-02-01,esercizi extra-alberghieri,Paesi esteri,168,569
2020-03-01,esercizi alberghieri,Italia,2030,4452
2020-03-01,esercizi alberghieri,Paesi esteri,81,274
2020-03-01,esercizi extra-alberghieri,Italia,410,1608
2020-03-01,esercizi extra-alberghieri,Paesi esteri,14,142
2020-04-01,esercizi alberghieri,Italia,358,1036
2020-04-01,esercizi alberghieri,Paesi esteri,2,11
2020-04-01,esercizi extra-alberghieri,Italia,69,856
2020-04-01,esercizi extra-alberghieri,Paesi esteri,2,79
2020-05-01,esercizi alberghieri,Italia,2135,5197
2020-05-01,esercizi alberghieri,Paesi esteri,23,33
2020-05-01,esercizi extra-alberghieri,Italia,329,1501
2020-05-01,esercizi extra-alberghieri,Paesi esteri,15,52
2020-06-01,esercizi alberghieri,Italia,10221,19723
2020-06-01,esercizi alberghieri,Paesi esteri,392,743
2020-06-01,esercizi extra-alberghieri,Italia,6158,24145
2020-06-01,esercizi extra-alberghieri,Paesi esteri,179,864
2020-07-01,esercizi alberghieri,Italia,24653,66565
2020-07-01,esercizi alberghieri,Paesi esteri,1484,4441
2020-07-01,esercizi extra-alberghieri,Italia,14743,85108
2020-07-01,esercizi extra-alberghieri,Paesi esteri,949,3715
2020-08-01,esercizi alberghieri,Italia,38446,121622
2020-08-01,esercizi alberghieri,Paesi esteri,1633,5313
2020-08-01,esercizi extra-alberghieri,Italia,20953,110015
2020-08-01,esercizi extra-alberghieri,Paesi esteri,952,3723
2020-09-01,esercizi alberghieri,Italia,18270,43836
2020-09-01,esercizi alberghieri,Paesi esteri,1366,3477
2020-09-01,esercizi extra-alberghieri,Italia,6268,26423
2020-09-01,esercizi extra-alberghieri,Paesi esteri,830,2523
2020-10-01,esercizi alberghieri,Italia,9694,18978
2020-10-01,esercizi alberghieri,Paesi esteri,854,2018
2020-10-01,esercizi extra-alberghieri,Italia,1816,4309
2020-10-01,esercizi extra-alberghieri,Paesi esteri,277,708
2020-11-01,esercizi alberghieri,Italia,3886,9494
2020-11-01,esercizi alberghieri,Paesi esteri,151,567
2020-11-01,esercizi extra-alberghieri,Italia,750,3265
2020-11-01,esercizi extra-alberghieri,Paesi esteri,27,191
2020-12-01,esercizi alberghieri,Italia,3722,8191
2020-12-01,esercizi alberghieri,Paesi esteri,132,519
2020-12-01,esercizi extra-alberghieri,Italia,645,2319
2020-12-01,esercizi extra-alberghieri,Paesi esteri,12,78
2021-01-01,esercizi alberghieri,Italia,4429,9298
2021-01-01,esercizi alberghieri,Paesi esteri,173,484
2021-01-01,esercizi extra-alberghieri,Italia,610,2095
2021-01-01,esercizi extra-alberghieri,Paesi esteri,35,230
2021-02-01,esercizi alberghieri,Italia,5161,10494
2021-02-01,esercizi alberghieri,Paesi esteri,180,348
2021-02-01,esercizi extra-alberghieri,Italia,670,2496
2021-02-01,esercizi extra-alberghieri,Paesi esteri,35,400
2021-03-01,esercizi alberghieri,Italia,5225,11479
2021-03-01,esercizi alberghieri,Paesi esteri,181,625
2021-03-01,esercizi extra-alberghieri,Italia,697,2626
2021-03-01,esercizi extra-alberghieri,Paesi esteri,34,237
2021-04-01,esercizi alberghieri,Italia,5555,12758
2021-04-01,esercizi alberghieri,Paesi esteri,204,758
2021-04-01,esercizi extra-alberghieri,Italia,924,3178
2021-04-01,esercizi extra-alberghieri,Paesi esteri,39,286
2021-05-01,esercizi alberghieri,Italia,9549,17342
2021-05-01,esercizi alberghieri,Paesi esteri,541,1456
2021-05-01,esercizi extra-alberghieri,Italia,2432,5561
2021-05-01,esercizi extra-alberghieri,Paesi esteri,205,552
2021-06-01,esercizi alberghieri,Italia,20040,45893
2021-06-01,esercizi alberghieri,Paesi esteri,1102,2999
2021-06-01,esercizi extra-alberghieri,Italia,8169,28996
2021-06-01,esercizi extra-alberghieri,Paesi esteri,706,1880
2021-07-01,esercizi alberghieri,Italia,32540,92843
2021-07-01,esercizi alberghieri,Paesi esteri,3243,10496
2021-07-01,esercizi extra-alberghieri,Italia,17224,80689
2021-07-01,esercizi extra-alberghieri,Paesi esteri,1923,7151
2021-08-01,esercizi alberghieri,Italia,40255,134604
2021-08-01,esercizi alberghieri,Paesi esteri,2744,10103
2021-08-01,esercizi extra-alberghieri,Italia,22374,114290
2021-08-01,esercizi extra-alberghieri,Paesi esteri,1689,6522
2021-09-01,esercizi alberghieri,Italia,22471,51920
2021-09-01,esercizi alberghieri,Paesi esteri,2252,6280
2021-09-01,esercizi extra-alberghieri,Italia,7270,28795
2021-09-01,esercizi extra-alberghieri,Paesi esteri,1267,3755
2021-10-01,esercizi alberghieri,Italia,12778,23288
2021-10-01,esercizi alberghieri,Paesi esteri,1292,3076
2021-10-01,esercizi extra-alberghieri,Italia,2728,5697
2021-10-01,esercizi extra-alberghieri,Paesi esteri,470,1189
2021-11-01,esercizi alberghieri,Italia,9537,17947
2021-11-01,esercizi alberghieri,Paesi esteri,850,2677
2021-11-01,esercizi extra-alberghieri,Italia,1569,4406
2021-11-01,esercizi extra-alberghieri,Paesi esteri,175,610
2021-12-01,esercizi alberghieri,Italia,9144,17671
2021-12-01,esercizi alberghieri,Paesi esteri,491,1575
2021-12-01,esercizi extra-alberghieri,Italia,1723,4326
2021-12-01,esercizi extra-alberghieri,Paesi esteri,105,468
