2008-01-01,esercizi alberghieri,Italia,15051,35058
2008-01-01,esercizi alberghieri,Paesi esteri,1975,7002
2008-01-01,esercizi extra-alberghieri,Italia,310,1185
2008-01-01,esercizi extra-alberghieri,Paesi esteri,27,733
2008-02-01,esercizi alberghieri,Italia,17267,32406
2008-02-01,esercizi alberghieri,Paesi esteri,2207,7714
2008-02-01,esercizi extra-alberghieri,Italia,240,1336
2008-02-01,esercizi extra-alberghieri,Paesi esteri,56,736
2008-03-01,esercizi alberghieri,Italia,19805,40520
2008-03-01,esercizi alberghieri,Paesi esteri,2632,8103
2008-03-01,esercizi extra-alberghieri,Italia,538,1681
2008-03-01,esercizi extra-alberghieri,Paesi esteri,88,1065
2008-04-01,esercizi alberghieri,Italia,21673,43182
2008-04-01,esercizi alberghieri,Paesi esteri,3067,7771
2008-04-01,esercizi extra-alberghieri,Italia,461,2000
2008-04-01,esercizi extra-alberghieri,Paesi esteri,129,1209
2008-05-01,esercizi alberghieri,Italia,27584,54715
2008-05-01,esercizi alberghieri,Paesi esteri,4232,11420
2008-05-01,esercizi extra-alberghieri,Italia,1042,3018
2008-05-01,esercizi extra-alberghieri,Paesi esteri,292,1765
2008-06-01,esercizi alberghieri,Italia,30205,116229
2008-06-01,esercizi alberghieri,Paesi esteri,4428,15177
2008-06-01,esercizi extra-alberghieri,Italia,1259,5284
2008-06-01,esercizi extra-alberghieri,Paesi esteri,395,3236
2008-07-01,esercizi alberghieri,Italia,31370,155890
2008-07-01,esercizi alberghieri,Paesi esteri,7073,30180
2008-07-01,esercizi extra-alberghieri,Italia,1720,10336
2008-07-01,esercizi extra-alberghieri,Paesi esteri,683,5778
2008-08-01,esercizi alberghieri,Italia,36751,179174
2008-08-01,esercizi alberghieri,Paesi esteri,5208,22085
2008-08-01,esercizi extra-alberghieri,Italia,2892,13656
2008-08-01,esercizi extra-alberghieri,Paesi esteri,527,4933
2008-09-01,esercizi alberghieri,Italia,26053,91820
2008-09-01,esercizi alberghieri,Paesi esteri,4723,15660
2008-09-01,esercizi extra-alberghieri,Italia,828,3473
2008-09-01,esercizi extra-alberghieri,Paesi esteri,268,2658
2008-10-01,esercizi alberghieri,Italia,19730,42750
2008-10-01,esercizi alberghieri,Paesi esteri,4064,11759
2008-10-01,esercizi extra-alberghieri,Italia,650,2689
2008-10-01,esercizi extra-alberghieri,Paesi esteri,218,1831
2008-11-01,esercizi alberghieri,Italia,18756,39856
2008-11-01,esercizi alberghieri,Paesi esteri,2409,8377
2008-11-01,esercizi extra-alberghieri,Italia,604,2368
2008-11-01,esercizi extra-alberghieri,Paesi esteri,38,458
2008-12-01,esercizi alberghieri,Italia,15441,31542
2008-12-01,esercizi alberghieri,Paesi esteri,1752,6685
2008-12-01,esercizi extra-alberghieri,Italia,840,2816
2008-12-01,esercizi extra-alberghieri,Paesi esteri,76,625
2009-01-01,esercizi alberghieri,Italia,14392,31203
2009-01-01,esercizi alberghieri,Paesi esteri,1557,5977
2009-01-01,esercizi extra-alberghieri,Italia,472,2110
2009-01-01,esercizi extra-alberghieri,Paesi esteri,36,392
2009-02-01,esercizi alberghieri,Italia,15510,28094
2009-02-01,esercizi alberghieri,Paesi esteri,1581,5547
2009-02-01,esercizi extra-alberghieri,Italia,479,1802
2009-02-01,esercizi extra-alberghieri,Paesi esteri,42,329
2009-03-01,esercizi alberghieri,Italia,18665,34336
2009-03-01,esercizi alberghieri,Paesi esteri,2106,7600
2009-03-01,esercizi extra-alberghieri,Italia,688,2536
2009-03-01,esercizi extra-alberghieri,Paesi esteri,59,295
2009-04-01,esercizi alberghieri,Italia,15119,33818
2009-04-01,esercizi alberghieri,Paesi esteri,2869,8800
2009-04-01,esercizi extra-alberghieri,Italia,674,2971
2009-04-01,esercizi extra-alberghieri,Paesi esteri,118,505
2009-05-01,esercizi alberghieri,Italia,20128,47257
2009-05-01,esercizi alberghieri,Paesi esteri,3161,10954
2009-05-01,esercizi extra-alberghieri,Italia,1134,4381
2009-05-01,esercizi extra-alberghieri,Paesi esteri,177,1034
2009-06-01,esercizi alberghieri,Italia,21448,72115
2009-06-01,esercizi alberghieri,Paesi esteri,3876,15746
2009-06-01,esercizi extra-alberghieri,Italia,1262,5702
2009-06-01,esercizi extra-alberghieri,Paesi esteri,320,1905
2009-07-01,esercizi alberghieri,Italia,24711,105132
2009-07-01,esercizi alberghieri,Paesi esteri,5697,24019
2009-07-01,esercizi extra-alberghieri,Italia,1440,5898
2009-07-01,esercizi extra-alberghieri,Paesi esteri,574,4103
2009-08-01,esercizi alberghieri,Italia,30296,130615
2009-08-01,esercizi alberghieri,Paesi esteri,4815,18929
2009-08-01,esercizi extra-alberghieri,Italia,2848,11048
2009-08-01,esercizi extra-alberghieri,Paesi esteri,518,4480
2009-09-01,esercizi alberghieri,Italia,22285,81822
2009-09-01,esercizi alberghieri,Paesi esteri,4512,15210
2009-09-01,esercizi extra-alberghieri,Italia,1000,4095
2009-09-01,esercizi extra-alberghieri,Paesi esteri,193,2474
2009-10-01,esercizi alberghieri,Italia,20467,57120
2009-10-01,esercizi alberghieri,Paesi esteri,3124,11389
2009-10-01,esercizi extra-alberghieri,Italia,915,3729
2009-10-01,esercizi extra-alberghieri,Paesi esteri,133,1035
2009-11-01,esercizi alberghieri,Italia,18090,48729
2009-11-01,esercizi alberghieri,Paesi esteri,2224,8014
2009-11-01,esercizi extra-alberghieri,Italia,765,3276
2009-11-01,esercizi extra-alberghieri,Paesi esteri,85,791
2009-12-01,esercizi alberghieri,Italia,16705,44690
2009-12-01,esercizi alberghieri,Paesi esteri,1687,6273
2009-12-01,esercizi extra-alberghieri,Italia,905,4283
2009-12-01,esercizi extra-alberghieri,Paesi esteri,72,787
2010-01-01,esercizi alberghieri,Italia,13660,39632
2010-01-01,esercizi alberghieri,Paesi esteri,1503,6451
2010-01-01,esercizi extra-alberghieri,Italia,786,3036
2010-01-01,esercizi extra-alberghieri,Paesi esteri,88,637
2010-02-01,esercizi alberghieri,Italia,13739,32191
2010-02-01,esercizi alberghieri,Paesi esteri,1605,6395
2010-02-01,esercizi extra-alberghieri,Italia,722,2658
2010-02-01,esercizi extra-alberghieri,Paesi esteri,66,523
2010-03-01,esercizi alberghieri,Italia,18111,38987
2010-03-01,esercizi alberghieri,Paesi esteri,2390,8433
2010-03-01,esercizi extra-alberghieri,Italia,903,3155
2010-03-01,esercizi extra-alberghieri,Paesi esteri,101,724
2010-04-01,esercizi alberghieri,Italia,20772,46903
2010-04-01,esercizi alberghieri,Paesi esteri,2493,8810
2010-04-01,esercizi extra-alberghieri,Italia,1096,3499
2010-04-01,esercizi extra-alberghieri,Paesi esteri,142,1123
2010-05-01,esercizi alberghieri,Italia,22003,47355
2010-05-01,esercizi alberghieri,Paesi esteri,4144,12427
2010-05-01,esercizi extra-alberghieri,Italia,933,3266
2010-05-01,esercizi extra-alberghieri,Paesi esteri,233,1430
2010-06-01,esercizi alberghieri,Italia,27270,95133
2010-06-01,esercizi alberghieri,Paesi esteri,4129,15016
2010-06-01,esercizi extra-alberghieri,Italia,1192,4175
2010-06-01,esercizi extra-alberghieri,Paesi esteri,296,1736
2010-07-01,esercizi alberghieri,Italia,33102,150597
2010-07-01,esercizi alberghieri,Paesi esteri,6691,27797
2010-07-01,esercizi extra-alberghieri,Italia,1717,6607
2010-07-01,esercizi extra-alberghieri,Paesi esteri,625,4583
2010-08-01,esercizi alberghieri,Italia,36685,186737
2010-08-01,esercizi alberghieri,Paesi esteri,4995,24135
2010-08-01,esercizi extra-alberghieri,Italia,2643,10414
2010-08-01,esercizi extra-alberghieri,Paesi esteri,481,5067
2010-09-01,esercizi alberghieri,Italia,21603,77140
2010-09-01,esercizi alberghieri,Paesi esteri,4951,16780
2010-09-01,esercizi extra-alberghieri,Italia,1041,5540
2010-09-01,esercizi extra-alberghieri,Paesi esteri,264,3075
2010-10-01,esercizi alberghieri,Italia,21239,46919
2010-10-01,esercizi alberghieri,Paesi esteri,3640,11430
2010-10-01,esercizi extra-alberghieri,Italia,842,4838
2010-10-01,esercizi extra-alberghieri,Paesi esteri,169,1818
2010-11-01,esercizi alberghieri,Italia,17936,39127
2010-11-01,esercizi alberghieri,Paesi esteri,2140,7564
2010-11-01,esercizi extra-alberghieri,Italia,626,3923
2010-11-01,esercizi extra-alberghieri,Paesi esteri,56,801
2010-12-01,esercizi alberghieri,Italia,16003,34684
2010-12-01,esercizi alberghieri,Paesi esteri,1715,7050
2010-12-01,esercizi extra-alberghieri,Italia,703,3487
2010-12-01,esercizi extra-alberghieri,Paesi esteri,42,647
2011-01-01,esercizi alberghieri,Italia,14315,30758
2011-01-01,esercizi alberghieri,Paesi esteri,1922,5620
2011-01-01,esercizi extra-alberghieri,Italia,663,3731
2011-01-01,esercizi extra-alberghieri,Paesi esteri,43,648
2011-02-01,esercizi alberghieri,Italia,14563,28316
2011-02-01,esercizi alberghieri,Paesi esteri,1823,5361
2011-02-01,esercizi extra-alberghieri,Italia,483,2766
2011-02-01,esercizi extra-alberghieri,Paesi esteri,73,1000
2011-03-01,esercizi alberghieri,Italia,16942,31974
2011-03-01,esercizi alberghieri,Paesi esteri,2301,6538
2011-03-01,esercizi extra-alberghieri,Italia,621,3583
2011-03-01,esercizi extra-alberghieri,Paesi esteri,83,972
2011-04-01,esercizi alberghieri,Italia,19315,34976
2011-04-01,esercizi alberghieri,Paesi esteri,5515,22851
2011-04-01,esercizi extra-alberghieri,Italia,955,3915
2011-04-01,esercizi extra-alberghieri,Paesi esteri,203,1641
2011-05-01,esercizi alberghieri,Italia,22816,45513
2011-05-01,esercizi alberghieri,Paesi esteri,6291,28032
2011-05-01,esercizi extra-alberghieri,Italia,917,3750
2011-05-01,esercizi extra-alberghieri,Paesi esteri,242,1845
2011-06-01,esercizi alberghieri,Italia,31518,108261
2011-06-01,esercizi alberghieri,Paesi esteri,5525,19160
2011-06-01,esercizi extra-alberghieri,Italia,1146,3888
2011-06-01,esercizi extra-alberghieri,Paesi esteri,357,2218
2011-07-01,esercizi alberghieri,Italia,37493,172018
2011-07-01,esercizi alberghieri,Paesi esteri,7337,29670
2011-07-01,esercizi extra-alberghieri,Italia,1620,5589
2011-07-01,esercizi extra-alberghieri,Paesi esteri,614,4044
2011-08-01,esercizi alberghieri,Italia,38355,203299
2011-08-01,esercizi alberghieri,Paesi esteri,5597,24073
2011-08-01,esercizi extra-alberghieri,Italia,2844,10004
2011-08-01,esercizi extra-alberghieri,Paesi esteri,530,4365
2011-09-01,esercizi alberghieri,Italia,23501,81974
2011-09-01,esercizi alberghieri,Paesi esteri,5815,17637
2011-09-01,esercizi extra-alberghieri,Italia,1179,4217
2011-09-01,esercizi extra-alberghieri,Paesi esteri,246,2883
2011-10-01,esercizi alberghieri,Italia,22405,53616
2011-10-01,esercizi alberghieri,Paesi esteri,4828,12995
2011-10-01,esercizi extra-alberghieri,Italia,1016,3476
2011-10-01,esercizi extra-alberghieri,Paesi esteri,108,2065
2011-11-01,esercizi alberghieri,Italia,16213,39052
2011-11-01,esercizi alberghieri,Paesi esteri,1856,6379
2011-11-01,esercizi extra-alberghieri,Italia,816,2498
2011-11-01,esercizi extra-alberghieri,Paesi esteri,103,1856
2011-12-01,esercizi alberghieri,Italia,18105,36203
2011-12-01,esercizi alberghieri,Paesi esteri,1755,5499
2011-12-01,esercizi extra-alberghieri,Italia,971,2796
2011-12-01,esercizi extra-alberghieri,Paesi esteri,78,1427
2012-01-01,esercizi alberghieri,Italia,15296,34936
2012-01-01,esercizi alberghieri,Paesi esteri,1657,5147
2012-01-01,esercizi extra-alberghieri,Italia,820,2450
2012-01-01,esercizi extra-alberghieri,Paesi esteri,49,1765
2012-02-01,esercizi alberghieri,Italia,11639,25340
2012-02-01,esercizi alberghieri,Paesi esteri,1914,5365
2012-02-01,esercizi extra-alberghieri,Italia,600,1749
2012-02-01,esercizi extra-alberghieri,Paesi esteri,58,1587
2012-03-01,esercizi alberghieri,Italia,18867,35268
2012-03-01,esercizi alberghieri,Paesi esteri,2333,7044
2012-03-01,esercizi extra-alberghieri,Italia,1099,2532
2012-03-01,esercizi extra-alberghieri,Paesi esteri,102,1495
2012-04-01,esercizi alberghieri,Italia,20233,42999
2012-04-01,esercizi alberghieri,Paesi esteri,5678,27579
2012-04-01,esercizi extra-alberghieri,Italia,1384,3364
2012-04-01,esercizi extra-alberghieri,Paesi esteri,146,1511
2012-05-01,esercizi alberghieri,Italia,22106,46392
2012-05-01,esercizi alberghieri,Paesi esteri,6252,24511
2012-05-01,esercizi extra-alberghieri,Italia,1111,2835
2012-05-01,esercizi extra-alberghieri,Paesi esteri,270,1746
2012-06-01,esercizi alberghieri,Italia,31384,106032
2012-06-01,esercizi alberghieri,Paesi esteri,5344,20566
2012-06-01,esercizi extra-alberghieri,Italia,1419,3828
2012-06-01,esercizi extra-alberghieri,Paesi esteri,455,2569
2012-07-01,esercizi alberghieri,Italia,30733,151330
2012-07-01,esercizi alberghieri,Paesi esteri,7333,34894
2012-07-01,esercizi extra-alberghieri,Italia,1942,5654
2012-07-01,esercizi extra-alberghieri,Paesi esteri,772,4671
2012-08-01,esercizi alberghieri,Italia,37122,193084
2012-08-01,esercizi alberghieri,Paesi esteri,5479,26673
2012-08-01,esercizi extra-alberghieri,Italia,2922,11891
2012-08-01,esercizi extra-alberghieri,Paesi esteri,628,5428
2012-09-01,esercizi alberghieri,Italia,22900,79601
2012-09-01,esercizi alberghieri,Paesi esteri,5841,19422
2012-09-01,esercizi extra-alberghieri,Italia,980,3146
2012-09-01,esercizi extra-alberghieri,Paesi esteri,282,2303
2012-10-01,esercizi alberghieri,Italia,22017,47412
2012-10-01,esercizi alberghieri,Paesi esteri,4066,14399
2012-10-01,esercizi extra-alberghieri,Italia,910,2484
2012-10-01,esercizi extra-alberghieri,Paesi esteri,179,1612
2012-11-01,esercizi alberghieri,Italia,18837,41371
2012-11-01,esercizi alberghieri,Paesi esteri,2180,8080
2012-11-01,esercizi extra-alberghieri,Italia,723,2058
2012-11-01,esercizi extra-alberghieri,Paesi esteri,78,1355
2012-12-01,esercizi alberghieri,Italia,18139,36017
2012-12-01,esercizi alberghieri,Paesi esteri,2040,6859
2012-12-01,esercizi extra-alberghieri,Italia,841,1855
2012-12-01,esercizi extra-alberghieri,Paesi esteri,60,1127
2013-01-01,esercizi alberghieri,Italia,13681,30560
2013-01-01,esercizi alberghieri,Paesi esteri,1691,5014
2013-01-01,esercizi extra-alberghieri,Italia,757,2496
2013-01-01,esercizi extra-alberghieri,Paesi esteri,76,1148
2013-02-01,esercizi alberghieri,Italia,13070,25376
2013-02-01,esercizi alberghieri,Paesi esteri,1735,5523
2013-02-01,esercizi extra-alberghieri,Italia,627,1703
2013-02-01,esercizi extra-alberghieri,Paesi esteri,47,675
2013-03-01,esercizi alberghieri,Italia,17182,35357
2013-03-01,esercizi alberghieri,Paesi esteri,2345,6105
2013-03-01,esercizi extra-alberghieri,Italia,1009,2894
2013-03-01,esercizi extra-alberghieri,Paesi esteri,123,752
2013-04-01,esercizi alberghieri,Italia,18814,41666
2013-04-01,esercizi alberghieri,Paesi esteri,3255,8854
2013-04-01,esercizi extra-alberghieri,Italia,874,3443
2013-04-01,esercizi extra-alberghieri,Paesi esteri,182,996
2013-05-01,esercizi alberghieri,Italia,22778,46062
2013-05-01,esercizi alberghieri,Paesi esteri,4772,12914
2013-05-01,esercizi extra-alberghieri,Italia,807,2983
2013-05-01,esercizi extra-alberghieri,Paesi esteri,381,2284
2013-06-01,esercizi alberghieri,Italia,26414,93147
2013-06-01,esercizi alberghieri,Paesi esteri,5454,19731
2013-06-01,esercizi extra-alberghieri,Italia,976,3295
2013-06-01,esercizi extra-alberghieri,Paesi esteri,374,2817
2013-07-01,esercizi alberghieri,Italia,28495,143812
2013-07-01,esercizi alberghieri,Paesi esteri,6673,30499
2013-07-01,esercizi extra-alberghieri,Italia,1375,5455
2013-07-01,esercizi extra-alberghieri,Paesi esteri,845,5756
2013-08-01,esercizi alberghieri,Italia,38199,192983
2013-08-01,esercizi alberghieri,Paesi esteri,5590,25671
2013-08-01,esercizi extra-alberghieri,Italia,2437,10008
2013-08-01,esercizi extra-alberghieri,Paesi esteri,543,4616
2013-09-01,esercizi alberghieri,Italia,21626,86381
2013-09-01,esercizi alberghieri,Paesi esteri,5192,18043
2013-09-01,esercizi extra-alberghieri,Italia,765,4253
2013-09-01,esercizi extra-alberghieri,Paesi esteri,309,3553
2013-10-01,esercizi alberghieri,Italia,16081,43994
2013-10-01,esercizi alberghieri,Paesi esteri,3539,11109
2013-10-01,esercizi extra-alberghieri,Italia,556,3162
2013-10-01,esercizi extra-alberghieri,Paesi esteri,239,2960
2013-11-01,esercizi alberghieri,Italia,16666,42021
2013-11-01,esercizi alberghieri,Paesi esteri,2165,6919
2013-11-01,esercizi extra-alberghieri,Italia,479,1917
2013-11-01,esercizi extra-alberghieri,Paesi esteri,46,588
2013-12-01,esercizi alberghieri,Italia,14716,36325
2013-12-01,esercizi alberghieri,Paesi esteri,1795,5997
2013-12-01,esercizi extra-alberghieri,Italia,683,2056
2013-12-01,esercizi extra-alberghieri,Paesi esteri,52,291
2014-01-01,esercizi alberghieri,Italia,13795,33910
2014-01-01,esercizi alberghieri,Paesi esteri,1872,5911
2014-01-01,esercizi extra-alberghieri,Italia,354,1482
2014-01-01,esercizi extra-alberghieri,Paesi esteri,38,399
2014-02-01,esercizi alberghieri,Italia,12244,27523
2014-02-01,esercizi alberghieri,Paesi esteri,1531,5457
2014-02-01,esercizi extra-alberghieri,Italia,400,1299
2014-02-01,esercizi extra-alberghieri,Paesi esteri,47,525
2014-03-01,esercizi alberghieri,Italia,17871,37869
2014-03-01,esercizi alberghieri,Paesi esteri,2248,7194
2014-03-01,esercizi extra-alberghieri,Italia,539,1292
2014-03-01,esercizi extra-alberghieri,Paesi esteri,65,590
2014-04-01,esercizi alberghieri,Italia,18350,41601
2014-04-01,esercizi alberghieri,Paesi esteri,5154,12397
2014-04-01,esercizi extra-alberghieri,Italia,721,1284
2014-04-01,esercizi extra-alberghieri,Paesi esteri,177,994
2014-05-01,esercizi alberghieri,Italia,18722,38224
2014-05-01,esercizi alberghieri,Paesi esteri,3756,10884
2014-05-01,esercizi extra-alberghieri,Italia,606,1092
2014-05-01,esercizi extra-alberghieri,Paesi esteri,213,1155
2014-06-01,esercizi alberghieri,Italia,24783,84002
2014-06-01,esercizi alberghieri,Paesi esteri,3835,14780
2014-06-01,esercizi extra-alberghieri,Italia,1041,2649
2014-06-01,esercizi extra-alberghieri,Paesi esteri,412,2218
2014-07-01,esercizi alberghieri,Italia,27586,123918
2014-07-01,esercizi alberghieri,Paesi esteri,5154,22413
2014-07-01,esercizi extra-alberghieri,Italia,1860,4704
2014-07-01,esercizi extra-alberghieri,Paesi esteri,722,4814
2014-08-01,esercizi alberghieri,Italia,38894,183101
2014-08-01,esercizi alberghieri,Paesi esteri,4068,17703
2014-08-01,esercizi extra-alberghieri,Italia,3150,9938
2014-08-01,esercizi extra-alberghieri,Paesi esteri,821,5992
2014-09-01,esercizi alberghieri,Italia,19910,68175
2014-09-01,esercizi alberghieri,Paesi esteri,4526,14867
2014-09-01,esercizi extra-alberghieri,Italia,1020,2970
2014-09-01,esercizi extra-alberghieri,Paesi esteri,381,2336
2014-10-01,esercizi alberghieri,Italia,20807,42935
2014-10-01,esercizi alberghieri,Paesi esteri,2679,6138
2014-10-01,esercizi extra-alberghieri,Italia,720,1594
2014-10-01,esercizi extra-alberghieri,Paesi esteri,200,891
2014-11-01,esercizi alberghieri,Italia,15973,31615
2014-11-01,esercizi alberghieri,Paesi esteri,1638,4685
2014-11-01,esercizi extra-alberghieri,Italia,691,1639
2014-11-01,esercizi extra-alberghieri,Paesi esteri,74,310
2014-12-01,esercizi alberghieri,Italia,15198,30176
2014-12-01,esercizi alberghieri,Paesi esteri,992,2867
2014-12-01,esercizi extra-alberghieri,Italia,857,2045
2014-12-01,esercizi extra-alberghieri,Paesi esteri,67,248
2015-01-01,esercizi alberghieri,Italia,13375,27945
2015-01-01,esercizi alberghieri,Paesi esteri,1418,3258
2015-01-01,esercizi extra-alberghieri,Italia,522,1735
2015-01-01,esercizi extra-alberghieri,Paesi esteri,80,316
2015-02-01,esercizi alberghieri,Italia,14402,25267
2015-02-01,esercizi alberghieri,Paesi esteri,1692,4988
2015-02-01,esercizi extra-alberghieri,Italia,547,1329
2015-02-01,esercizi extra-alberghieri,Paesi esteri,74,405
2015-03-01,esercizi alberghieri,Italia,14125,25108
2015-03-01,esercizi alberghieri,Paesi esteri,2127,5321
2015-03-01,esercizi extra-alberghieri,Italia,574,1516
2015-03-01,esercizi extra-alberghieri,Paesi esteri,111,560
2015-04-01,esercizi alberghieri,Italia,18769,34794
2015-04-01,esercizi alberghieri,Paesi esteri,2679,6178
2015-04-01,esercizi extra-alberghieri,Italia,983,2125
2015-04-01,esercizi extra-alberghieri,Paesi esteri,232,833
2015-05-01,esercizi alberghieri,Italia,23009,43283
2015-05-01,esercizi alberghieri,Paesi esteri,3363,8000
2015-05-01,esercizi extra-alberghieri,Italia,1266,2925
2015-05-01,esercizi extra-alberghieri,Paesi esteri,484,1824
2015-06-01,esercizi alberghieri,Italia,27154,83357
2015-06-01,esercizi alberghieri,Paesi esteri,3762,11572
2015-06-01,esercizi extra-alberghieri,Italia,1356,3076
2015-06-01,esercizi extra-alberghieri,Paesi esteri,459,1838
2015-07-01,esercizi alberghieri,Italia,31224,143601
2015-07-01,esercizi alberghieri,Paesi esteri,5856,23140
2015-07-01,esercizi extra-alberghieri,Italia,2092,5269
2015-07-01,esercizi extra-alberghieri,Paesi esteri,962,4464
2015-08-01,esercizi alberghieri,Italia,37720,178235
2015-08-01,esercizi alberghieri,Paesi esteri,5515,19829
2015-08-01,esercizi extra-alberghieri,Italia,3699,11304
2015-08-01,esercizi extra-alberghieri,Paesi esteri,810,3887
2015-09-01,esercizi alberghieri,Italia,18838,61959
2015-09-01,esercizi alberghieri,Paesi esteri,4601,16726
2015-09-01,esercizi extra-alberghieri,Italia,1136,3150
2015-09-01,esercizi extra-alberghieri,Paesi esteri,532,1919
2015-10-01,esercizi alberghieri,Italia,20212,36728
2015-10-01,esercizi alberghieri,Paesi esteri,3370,8530
2015-10-01,esercizi extra-alberghieri,Italia,775,2428
2015-10-01,esercizi extra-alberghieri,Paesi esteri,371,1500
2015-11-01,esercizi alberghieri,Italia,14933,22943
2015-11-01,esercizi alberghieri,Paesi esteri,1523,4008
2015-11-01,esercizi extra-alberghieri,Italia,658,2521
2015-11-01,esercizi extra-alberghieri,Paesi esteri,107,845
2015-12-01,esercizi alberghieri,Italia,17764,27958
2015-12-01,esercizi alberghieri,Paesi esteri,1464,4004
2015-12-01,esercizi extra-alberghieri,Italia,1006,3080
2015-12-01,esercizi extra-alberghieri,Paesi esteri,114,936
2016-01-01,esercizi alberghieri,Italia,14867,25062
2016-01-01,esercizi alberghieri,Paesi esteri,1182,3053
2016-01-01,esercizi extra-alberghieri,Italia,1013,2980
2016-01-01,esercizi extra-alberghieri,Paesi esteri,105,886
2016-02-01,esercizi alberghieri,Italia,15097,21474
2016-02-01,esercizi alberghieri,Paesi esteri,2056,7364
2016-02-01,esercizi extra-alberghieri,Italia,991,2364
2016-02-01,esercizi extra-alberghieri,Paesi esteri,114,1044
2016-03-01,esercizi alberghieri,Italia,19487,32821
2016-03-01,esercizi alberghieri,Paesi esteri,2580,6258
2016-03-01,esercizi extra-alberghieri,Italia,1230,2826
2016-03-01,esercizi extra-alberghieri,Paesi esteri,109,1055
2016-04-01,esercizi alberghieri,Italia,20004,32737
2016-04-01,esercizi alberghieri,Paesi esteri,3485,7593
2016-04-01,esercizi extra-alberghieri,Italia,1435,3574
2016-04-01,esercizi extra-alberghieri,Paesi esteri,297,1248
2016-05-01,esercizi alberghieri,Italia,23241,40057
2016-05-01,esercizi alberghieri,Paesi esteri,4493,11358
2016-05-01,esercizi extra-alberghieri,Italia,1377,3115
2016-05-01,esercizi extra-alberghieri,Paesi esteri,493,1999
2016-06-01,esercizi alberghieri,Italia,27942,81597
2016-06-01,esercizi alberghieri,Paesi esteri,6121,17674
2016-06-01,esercizi extra-alberghieri,Italia,2167,4177
2016-06-01,esercizi extra-alberghieri,Paesi esteri,654,2171
2016-07-01,esercizi alberghieri,Italia,37328,153636
2016-07-01,esercizi alberghieri,Paesi esteri,7186,27416
2016-07-01,esercizi extra-alberghieri,Italia,3269,6893
2016-07-01,esercizi extra-alberghieri,Paesi esteri,1283,5680
2016-08-01,esercizi alberghieri,Italia,39641,190006
2016-08-01,esercizi alberghieri,Paesi esteri,5427,20621
2016-08-01,esercizi extra-alberghieri,Italia,5099,14153
2016-08-01,esercizi extra-alberghieri,Paesi esteri,926,5006
2016-09-01,esercizi alberghieri,Italia,23040,69092
2016-09-01,esercizi alberghieri,Paesi esteri,5598,15879
2016-09-01,esercizi extra-alberghieri,Italia,1523,3352
2016-09-01,esercizi extra-alberghieri,Paesi esteri,584,2150
2016-10-01,esercizi alberghieri,Italia,22022,41938
2016-10-01,esercizi alberghieri,Paesi esteri,4124,9456
2016-10-01,esercizi extra-alberghieri,Italia,1392,2994
2016-10-01,esercizi extra-alberghieri,Paesi esteri,396,1565
2016-11-01,esercizi alberghieri,Italia,17688,30717
2016-11-01,esercizi alberghieri,Paesi esteri,2081,4613
2016-11-01,esercizi extra-alberghieri,Italia,1098,2638
2016-11-01,esercizi extra-alberghieri,Paesi esteri,100,533
2016-12-01,esercizi alberghieri,Italia,16576,25802
2016-12-01,esercizi alberghieri,Paesi esteri,1393,3264
2016-12-01,esercizi extra-alberghieri,Italia,1347,2800
2016-12-01,esercizi extra-alberghieri,Paesi esteri,126,434
2017-01-01,esercizi alberghieri,Italia,13781,25070
2017-01-01,esercizi alberghieri,Paesi esteri,1703,3469
2017-01-01,esercizi extra-alberghieri,Italia,1028,2688
2017-01-01,esercizi extra-alberghieri,Paesi esteri,92,474
2017-02-01,esercizi alberghieri,Italia,12537,19277
2017-02-01,esercizi alberghieri,Paesi esteri,1467,3157
2017-02-01,esercizi extra-alberghieri,Italia,1000,2458
2017-02-01,esercizi extra-alberghieri,Paesi esteri,134,346
2017-03-01,esercizi alberghieri,Italia,16269,26196
2017-03-01,esercizi alberghieri,Paesi esteri,2223,5062
2017-03-01,esercizi extra-alberghieri,Italia,1243,3136
2017-03-01,esercizi extra-alberghieri,Paesi esteri,212,606
2017-04-01,esercizi alberghieri,Italia,22619,40245
2017-04-01,esercizi alberghieri,Paesi esteri,3146,7510
2017-04-01,esercizi extra-alberghieri,Italia,1781,3652
2017-04-01,esercizi extra-alberghieri,Paesi esteri,406,956
2017-05-01,esercizi alberghieri,Italia,24406,44589
2017-05-01,esercizi alberghieri,Paesi esteri,4451,10138
2017-05-01,esercizi extra-alberghieri,Italia,1440,3357
2017-05-01,esercizi extra-alberghieri,Paesi esteri,638,1624
2017-06-01,esercizi alberghieri,Italia,30985,83728
2017-06-01,esercizi alberghieri,Paesi esteri,5942,19765
2017-06-01,esercizi extra-alberghieri,Italia,2060,4146
2017-06-01,esercizi extra-alberghieri,Paesi esteri,748,2704
2017-07-01,esercizi alberghieri,Italia,35499,148013
2017-07-01,esercizi alberghieri,Paesi esteri,8006,30799
2017-07-01,esercizi extra-alberghieri,Italia,2668,6124
2017-07-01,esercizi extra-alberghieri,Paesi esteri,1239,4767
2017-08-01,esercizi alberghieri,Italia,39314,178079
2017-08-01,esercizi alberghieri,Paesi esteri,5652,21502
2017-08-01,esercizi extra-alberghieri,Italia,4856,13515
2017-08-01,esercizi extra-alberghieri,Paesi esteri,965,4522
2017-09-01,esercizi alberghieri,Italia,24834,73456
2017-09-01,esercizi alberghieri,Paesi esteri,6112,19434
2017-09-01,esercizi extra-alberghieri,Italia,1343,3374
2017-09-01,esercizi extra-alberghieri,Paesi esteri,684,2018
2017-10-01,esercizi alberghieri,Italia,19124,38326
2017-10-01,esercizi alberghieri,Paesi esteri,3671,8925
2017-10-01,esercizi extra-alberghieri,Italia,1149,2870
2017-10-01,esercizi extra-alberghieri,Paesi esteri,420,1214
2017-11-01,esercizi alberghieri,Italia,20194,36028
2017-11-01,esercizi alberghieri,Paesi esteri,2106,4302
2017-11-01,esercizi extra-alberghieri,Italia,917,2536
2017-11-01,esercizi extra-alberghieri,Paesi esteri,95,345
2017-12-01,esercizi alberghieri,Italia,20721,36559
2017-12-01,esercizi alberghieri,Paesi esteri,1651,3857
2017-12-01,esercizi extra-alberghieri,Italia,1158,2594
2017-12-01,esercizi extra-alberghieri,Paesi esteri,109,242
2018-01-01,esercizi alberghieri,Italia,17359,32362
2018-01-01,esercizi alberghieri,Paesi esteri,1711,4138
2018-01-01,esercizi extra-alberghieri,Italia,910,2387
2018-01-01,esercizi extra-alberghieri,Paesi esteri,97,205
2018-02-01,esercizi alberghieri,Italia,14618,23887
2018-02-01,esercizi alberghieri,Paesi esteri,1861,4693
2018-02-01,esercizi extra-alberghieri,Italia,817,1903
2018-02-01,esercizi extra-alberghieri,Paesi esteri,85,174
2018-03-01,esercizi alberghieri,Italia,19632,34391
2018-03-01,esercizi alberghieri,Paesi esteri,2419,5621
2018-03-01,esercizi extra-alberghieri,Italia,1070,2299
2018-03-01,esercizi extra-alberghieri,Paesi esteri,219,542
2018-04-01,esercizi alberghieri,Italia,23026,41771
2018-04-01,esercizi alberghieri,Paesi esteri,3583,8599
2018-04-01,esercizi extra-alberghieri,Italia,1507,3465
2018-04-01,esercizi extra-alberghieri,Paesi esteri,392,996
2018-05-01,esercizi alberghieri,Italia,26140,49655
2018-05-01,esercizi alberghieri,Paesi esteri,6049,15405
2018-05-01,esercizi extra-alberghieri,Italia,1600,3591
2018-05-01,esercizi extra-alberghieri,Paesi esteri,714,1812
2018-06-01,esercizi alberghieri,Italia,37318,104229
2018-06-01,esercizi alberghieri,Paesi esteri,6175,19220
2018-06-01,esercizi extra-alberghieri,Italia,2544,4903
2018-06-01,esercizi extra-alberghieri,Paesi esteri,902,2811
2018-07-01,esercizi alberghieri,Italia,35430,156555
2018-07-01,esercizi alberghieri,Paesi esteri,7534,28285
2018-07-01,esercizi extra-alberghieri,Italia,3312,7394
2018-07-01,esercizi extra-alberghieri,Paesi esteri,1428,5923
2018-08-01,esercizi alberghieri,Italia,38268,187332
2018-08-01,esercizi alberghieri,Paesi esteri,5657,20821
2018-08-01,esercizi extra-alberghieri,Italia,5060,14024
2018-08-01,esercizi extra-alberghieri,Paesi esteri,1111,5040
2018-09-01,esercizi alberghieri,Italia,26142,79885
2018-09-01,esercizi alberghieri,Paesi esteri,5920,17021
2018-09-01,esercizi extra-alberghieri,Italia,1868,3948
2018-09-01,esercizi extra-alberghieri,Paesi esteri,884,2624
2018-10-01,esercizi alberghieri,Italia,23207,41218
2018-10-01,esercizi alberghieri,Paesi esteri,4566,9510
2018-10-01,esercizi extra-alberghieri,Italia,1279,3045
2018-10-01,esercizi extra-alberghieri,Paesi esteri,510,1775
2018-11-01,esercizi alberghieri,Italia,21003,35889
2018-11-01,esercizi alberghieri,Paesi esteri,2207,4962
2018-11-01,esercizi extra-alberghieri,Italia,1244,3428
2018-11-01,esercizi extra-alberghieri,Paesi esteri,158,484
2018-12-01,esercizi alberghieri,Italia,20438,32737
2018-12-01,esercizi alberghieri,Paesi esteri,1773,3938
2018-12-01,esercizi extra-alberghieri,Italia,1591,4158
2018-12-01,esercizi extra-alberghieri,Paesi esteri,154,339
2019-01-01,esercizi alberghieri,Italia,17194,28071
2019-01-01,esercizi alberghieri,Paesi esteri,1568,3453
2019-01-01,esercizi extra-alberghieri,Italia,1002,2949
2019-01-01,esercizi extra-alberghieri,Paesi esteri,158,372
2019-02-01,esercizi alberghieri,Italia,15730,24466
2019-02-01,esercizi alberghieri,Paesi esteri,1542,3225
2019-02-01,esercizi extra-alberghieri,Italia,1150,2942
2019-02-01,esercizi extra-alberghieri,Paesi esteri,124,279
2019-03-01,esercizi alberghieri,Italia,19195,29675
2019-03-01,esercizi alberghieri,Paesi esteri,2291,5046
2019-03-01,esercizi extra-alberghieri,Italia,1419,3544
2019-03-01,esercizi extra-alberghieri,Paesi esteri,210,469
2019-04-01,esercizi alberghieri,Italia,24262,40545
2019-04-01,esercizi alberghieri,Paesi esteri,3203,7133
2019-04-01,esercizi extra-alberghieri,Italia,2085,4757
2019-04-01,esercizi extra-alberghieri,Paesi esteri,544,1376
2019-05-01,esercizi alberghieri,Italia,25483,38686
2019-05-01,esercizi alberghieri,Paesi esteri,5063,11182
2019-05-01,esercizi extra-alberghieri,Italia,1668,3640
2019-05-01,esercizi extra-alberghieri,Paesi esteri,733,1920
2019-06-01,esercizi alberghieri,Italia,28973,75405
2019-06-01,esercizi alberghieri,Paesi esteri,6237,18658
2019-06-01,esercizi extra-alberghieri,Italia,2293,4781
2019-06-01,esercizi extra-alberghieri,Paesi esteri,962,3083
2019-07-01,esercizi alberghieri,Italia,32890,134882
2019-07-01,esercizi alberghieri,Paesi esteri,7656,25420
2019-07-01,esercizi extra-alberghieri,Italia,3319,7988
2019-07-01,esercizi extra-alberghieri,Paesi esteri,1315,5186
2019-08-01,esercizi alberghieri,Italia,40989,179581
2019-08-01,esercizi alberghieri,Paesi esteri,6256,20456
2019-08-01,esercizi extra-alberghieri,Italia,5838,16545
2019-08-01,esercizi extra-alberghieri,Paesi esteri,1213,5279
2019-09-01,esercizi alberghieri,Italia,27180,77362
2019-09-01,esercizi alberghieri,Paesi esteri,7295,20324
2019-09-01,esercizi extra-alberghieri,Italia,2009,4700
2019-09-01,esercizi extra-alberghieri,Paesi esteri,823,2701
2019-10-01,esercizi alberghieri,Italia,22670,40125
2019-10-01,esercizi alberghieri,Paesi esteri,3850,9302
2019-10-01,esercizi extra-alberghieri,Italia,1563,3826
2019-10-01,esercizi extra-alberghieri,Paesi esteri,514,1627
2019-11-01,esercizi alberghieri,Italia,21410,45808
2019-11-01,esercizi alberghieri,Paesi esteri,2148,5051
2019-11-01,esercizi extra-alberghieri,Italia,1377,3634
2019-11-01,esercizi extra-alberghieri,Paesi esteri,150,555
2019-12-01,esercizi alberghieri,Italia,20199,32428
2019-12-01,esercizi alberghieri,Paesi esteri,1774,3803
2019-12-01,esercizi extra-alberghieri,Italia,1403,3822
2019-12-01,esercizi extra-alberghieri,Paesi esteri,136,573
2020-01-01,esercizi alberghieri,Italia,16348,32025
2020-01-01,esercizi alberghieri,Paesi esteri,1427,3563
2020-01-01,esercizi extra-alberghieri,Italia,1232,3603
2020-01-01,esercizi extra-alberghieri,Paesi esteri,111,430
2020-02-01,esercizi alberghieri,Italia,17042,28427
2020-02-01,esercizi alberghieri,Paesi esteri,1553,3297
2020-02-01,esercizi extra-alberghieri,Italia,1155,3270
2020-02-01,esercizi extra-alberghieri,Paesi esteri,157,512
2020-03-01,esercizi alberghieri,Italia,3022,6685
2020-03-01,esercizi alberghieri,Paesi esteri,223,899
2020-03-01,esercizi extra-alberghieri,Italia,361,2614
2020-03-01,esercizi extra-alberghieri,Paesi esteri,19,159
2020-04-01,esercizi alberghieri,Italia,362,2603
2020-04-01,esercizi alberghieri,Paesi esteri,11,339
2020-04-01,esercizi extra-alberghieri,Italia,49,1908
2020-04-01,esercizi extra-alberghieri,Paesi esteri,2,35
2020-05-01,esercizi alberghieri,Italia,1918,4528
2020-05-01,esercizi alberghieri,Paesi esteri,64,355
2020-05-01,esercizi extra-alberghieri,Italia,250,2279
2020-05-01,esercizi extra-alberghieri,Paesi esteri,14,55
2020-06-01,esercizi alberghieri,Italia,12972,23057
2020-06-01,esercizi alberghieri,Paesi esteri,748,1498
2020-06-01,esercizi extra-alberghieri,Italia,1662,4506
2020-06-01,esercizi extra-alberghieri,Paesi esteri,84,255
2020-07-01,esercizi alberghieri,Italia,32016,107794
2020-07-01,esercizi alberghieri,Paesi esteri,2703,8246
2020-07-01,esercizi extra-alberghieri,Italia,4146,11602
2020-07-01,esercizi extra-alberghieri,Paesi esteri,514,1802
2020-08-01,esercizi alberghieri,Italia,42491,161701
2020-08-01,esercizi alberghieri,Paesi esteri,2974,9380
2020-08-01,esercizi extra-alberghieri,Italia,7411,23063
2020-08-01,esercizi extra-alberghieri,Paesi esteri,585,2297
2020-09-01,esercizi alberghieri,Italia,23562,67411
2020-09-01,esercizi alberghieri,Paesi esteri,2729,7304
2020-09-01,esercizi extra-alberghieri,Italia,2393,6176
2020-09-01,esercizi extra-alberghieri,Paesi esteri,525,1308
2020-10-01,esercizi alberghieri,Italia,15128,26042
2020-10-01,esercizi alberghieri,Paesi esteri,1629,3646
2020-10-01,esercizi extra-alberghieri,Italia,1418,3728
2020-10-01,esercizi extra-alberghieri,Paesi esteri,327,852
2020-11-01,esercizi alberghieri,Italia,4545,7668
2020-11-01,esercizi alberghieri,Paesi esteri,267,745
2020-11-01,esercizi extra-alberghieri,Italia,485,2776
2020-11-01,esercizi extra-alberghieri,Paesi esteri,29,158
2020-12-01,esercizi alberghieri,Italia,4283,7140
2020-12-01,esercizi alberghieri,Paesi esteri,232,573
2020-12-01,esercizi extra-alberghieri,Italia,416,2248
2020-12-01,esercizi extra-alberghieri,Paesi esteri,20,183
2021-01-01,esercizi alberghieri,Italia,5531,9797
2021-01-01,esercizi alberghieri,Paesi esteri,276,711
2021-01-01,esercizi extra-alberghieri,Italia,560,2170
2021-01-01,esercizi extra-alberghieri,Paesi esteri,26,154
2021-02-01,esercizi alberghieri,Italia,6089,10427
2021-02-01,esercizi alberghieri,Paesi esteri,276,782
2021-02-01,esercizi extra-alberghieri,Italia,529,1869
2021-02-01,esercizi extra-alberghieri,Paesi esteri,21,130
2021-03-01,esercizi alberghieri,Italia,6843,12680
2021-03-01,esercizi alberghieri,Paesi esteri,264,823
2021-03-01,esercizi extra-alberghieri,Italia,579,2344
2021-03-01,esercizi extra-alberghieri,Paesi esteri,25,141
2021-04-01,esercizi alberghieri,Italia,7751,13357
2021-04-01,esercizi alberghieri,Paesi esteri,354,742
2021-04-01,esercizi extra-alberghieri,Italia,609,2318
2021-04-01,esercizi extra-alberghieri,Paesi esteri,55,222
2021-05-01,esercizi alberghieri,Italia,14366,23886
2021-05-01,esercizi alberghieri,Paesi esteri,894,1791
2021-05-01,esercizi extra-alberghieri,Italia,1352,3379
2021-05-01,esercizi extra-alberghieri,Paesi esteri,142,447
2021-06-01,esercizi alberghieri,Italia,26255,64953
2021-06-01,esercizi alberghieri,Paesi esteri,2311,6017
2021-06-01,esercizi extra-alberghieri,Italia,2449,6097
2021-06-01,esercizi extra-alberghieri,Paesi esteri,480,1235
2021-07-01,esercizi alberghieri,Italia,36524,146372
2021-07-01,esercizi alberghieri,Paesi esteri,5112,16839
2021-07-01,esercizi extra-alberghieri,Italia,5035,12786
2021-07-01,esercizi extra-alberghieri,Paesi esteri,1434,4624
2021-08-01,esercizi alberghieri,Italia,40920,180381
2021-08-01,esercizi alberghieri,Paesi esteri,4376,15081
2021-08-01,esercizi extra-alberghieri,Italia,7584,22766
2021-08-01,esercizi extra-alberghieri,Paesi esteri,1287,4802
2021-09-01,esercizi alberghieri,Italia,26106,72471
2021-09-01,esercizi alberghieri,Paesi esteri,4072,10924
2021-09-01,esercizi extra-alberghieri,Italia,2655,6081
2021-09-01,esercizi extra-alberghieri,Paesi esteri,1056,3040
2021-10-01,esercizi alberghieri,Italia,20794,35515
2021-10-01,esercizi alberghieri,Paesi esteri,2952,8322
2021-10-01,esercizi extra-alberghieri,Italia,1926,4710
2021-10-01,esercizi extra-alberghieri,Paesi esteri,533,1385
2021-11-01,esercizi alberghieri,Italia,15711,24460
2021-11-01,esercizi alberghieri,Paesi esteri,1090,2402
2021-11-01,esercizi extra-alberghieri,Italia,1210,3525
2021-11-01,esercizi extra-alberghieri,Paesi esteri,232,672
2021-12-01,esercizi alberghieri,Italia,14659,22589
2021-12-01,esercizi alberghieri,Paesi esteri,868,2123
2021-12-01,esercizi extra-alberghieri,Italia,1598,4107
2021-12-01,esercizi extra-alberghieri,Paesi esteri,145,409
